pared,pared,pared,pared,pared,pared,pared,pared,pared,pared,pared,pared,pared,pared,pared,pared,pared,pared,pared,pared,pared,pared,pared,pared,pared
pared,pared,camin,camin,camin,camin,camin,camin,camin,pared,camin,pared,camin,camin,camin,camin,pared,camin,camin,camin,camin,camin,camin,camin,pared
inici,camin,camin,camin,pared,camin,pared,pared,camin,pared,camin,pared,pared,pared,pared,camin,pared,camin,pared,pared,pared,pared,pared,camin,pared
pared,pared,pared,camin,pared,camin,camin,pared,camin,pared,camin,camin,camin,camin,camin,camin,camin,camin,camin,camin,camin,camin,camin,camin,pared
pared,camin,pared,camin,pared,pared,camin,pared,camin,pared,pared,pared,pared,pared,camin,pared,pared,pared,pared,pared,pared,pared,pared,camin,pared
pared,camin,pared,camin,camin,camin,camin,pared,camin,camin,camin,camin,camin,camin,camin,pared,camin,camin,camin,camin,pared,camin,pared,camin,pared
pared,camin,pared,camin,pared,camin,pared,pared,camin,pared,pared,camin,pared,pared,pared,pared,camin,pared,pared,camin,pared,camin,pared,camin,pared
pared,camin,pared,camin,pared,camin,camin,camin,camin,pared,camin,camin,camin,camin,camin,pared,camin,pared,camin,camin,camin,camin,pared,camin,pared
pared,camin,camin,camin,pared,pared,pared,camin,pared,pared,camin,pared,pared,pared,camin,camin,camin,pared,camin,pared,pared,camin,camin,camin,pared
pared,camin,pared,pared,pared,camin,camin,camin,pared,camin,camin,pared,camin,camin,camin,pared,pared,pared,camin,camin,pared,camin,camin,pared,pared
pared,camin,pared,camin,camin,camin,camin,camin,pared,camin,camin,pared,camin,pared,camin,camin,camin,pared,pared,camin,pared,camin,pared,camin,pared
pared,camin,pared,camin,pared,pared,pared,pared,pared,pared,camin,pared,camin,pared,camin,pared,camin,camin,camin,camin,pared,camin,pared,camin,pared
pared,camin,pared,camin,camin,camin,camin,camin,camin,pared,camin,pared,camin,pared,pared,pared,camin,camin,camin,camin,camin,camin,camin,camin,pared
pared,camin,pared,pared,pared,camin,pared,pared,camin,camin,camin,camin,camin,camin,camin,camin,camin,camin,pared,pared,pared,pared,pared,camin,pared
pared,pared,pared,camin,pared,camin,pared,pared,camin,pared,pared,pared,pared,pared,pared,pared,pared,camin,camin,camin,camin,camin,camin,camin,pared
pared,camin,camin,camin,pared,camin,camin,camin,camin,pared,camin,camin,pared,camin,camin,camin,pared,camin,camin,pared,pared,pared,camin,camin,pared
pared,camin,pared,camin,pared,pared,pared,pared,pared,pared,camin,camin,camin,camin,pared,camin,pared,camin,pared,pared,camin,pared,camin,pared,pared
pared,camin,pared,camin,pared,camin,camin,camin,camin,camin,camin,pared,pared,camin,pared,camin,pared,camin,camin,camin,camin,pared,camin,camin,pared
pared,camin,pared,camin,pared,camin,pared,pared,pared,camin,pared,camin,camin,camin,pared,camin,pared,camin,pared,camin,pared,pared,pared,camin,pared
pared,camin,pared,camin,pared,camin,pared,camin,camin,camin,camin,camin,pared,camin,pared,camin,pared,camin,camin,camin,pared,camin,camin,camin,pared
pared,camin,pared,camin,camin,camin,pared,camin,pared,pared,pared,camin,pared,camin,pared,camin,camin,pared,pared,camin,pared,camin,pared,camin,pared
pared,camin,pared,pared,pared,pared,camin,camin,camin,camin,camin,camin,pared,camin,camin,camin,camin,pared,camin,camin,pared,camin,pared,camin,pared
pared,camin,pared,camin,pared,camin,camin,pared,camin,pared,pared,camin,pared,camin,pared,pared,camin,pared,camin,pared,pared,camin,pared,camin,pared
final,camin,pared,camin,camin,camin,camin,pared,camin,camin,camin,camin,camin,camin,camin,pared,camin,camin,camin,camin,camin,camin,camin,camin,pared
pared,pared,pared,pared,pared,pared,pared,pared,pared,pared,pared,pared,pared,pared,pared,pared,pared,pared,pared,pared,pared,pared,pared,pared,pared